az	nev	nem	szuldat	nemzet
1	Juan-Manuel Fangio	F	1911.6.24	argentín
2	Sam Posey	F	1944.5.26	amerikai
3	Ernesto Prinoth	F	1923.1.1	olasz
4	Hubert Hahne	F	1935.3.28	német
5	Bob Drake	F	1919.12.14	amerikai
6	Perry McCarthy	F	1962.3.3	brit
7	Bertil Roos	F	1943.10.12	svéd
8	Tom Pryce	F	1949.6.11	brit
9	Heinz-Harald Frentzen	F	1967.5.18	német
10	Eddie Russo	F	1925.11.19	amerikai
11	Derek Warwick	F	1954.8.27	brit
12	Jo Siffert	F	1936.7.7	svájci
13	Fabrizio Barbazza	F	1963.4.2	olasz
14	Damon Hill	F	1960.9.17	brit
15	Mike Harris	F	1939.5.25	zimbabwei
16	Hans Heyer	F	1943.3.16	német
17	Peter Revson	F	1939.2.27	amerikai
18	Huub Rothengatter	F	1954.10.8	holland
19	Innes Ireland	F	1930.12.16	brit
20	Bill Holland	F	1907.12.13	amerikai
21	Franck Lagorce	F	1968.9.1	francia
22	Pedro Rodriguez	F	1940.1.18	mexikói
23	Jonathan Williams	F	1942.10.26	brit
24	John Barber	F	1929.1.1	brit
25	Dave Charlton	F	1936.10.27	dél-afrikai
26	Joe James	F	1925.5.23	amerikai
27	Alex Soler-Roig	F	1932.10.29	spanyol
28	Alberto-Rodriguez Larreta	F	1934.1.14	argentín
29	Luigi Fagioli	F	1898.6.9	olasz
30	Fred Gamble	F	1932.3.17	amerikai
31	Bill Vukovich	F	1918.12.13	amerikai
32	Bill Aston	F	1900.3.29	brit
33	Gene Hartley	F	1926.1.28	amerikai
34	Taki Inoue	F	1963.9.5	japán
35	Mark Donohue	F	1937.3.18	amerikai
36	Giorgio Scarlatti	F	1921.10.2	olasz
37	William Ferguson	F	1940.3.6	dél-afrikai
38	Theo Fitzau	F	1923.2.10	német
39	Rubens Barrichello	F	1972.5.23	brazil
40	Leslie Johnson	F	1912.3.22	brit
41	John Fitch	F	1917.8.4	amerikai
42	Alberto Ascari	F	1918.7.13	olasz
43	Dempsey Wilson	F	1927.3.11	amerikai
44	Ludwig Fischer	F	1915.12.17	német
45	Oscar Gonzalez	F	1923.11.10	uruguayi
46	Peter Walker	F	1912.10.7	brit
47	Alexander Wurz	F	1974.2.15	osztrák
48	Slim Borgudd	F	1946.11.25	svéd
49	Jean Lucas	F	1917.4.25	francia
50	Karl Wendlinger	F	1968.12.20	osztrák
51	Mikko Kozarowitsky	F	1948.5.17	finn
52	Larry Perkins	F	1950.3.18	ausztrál
53	Chico Landi	F	1907.7.14	brazil
54	Tony Brooks	F	1932.2.25	brit
55	Bobby Grim	F	1924.9.4	amerikai
56	Tony Bettenhausen	F	1916.9.12	amerikai
57	Philippe Adams	F	1969.11.19	belga
58	Bruce Kessler	F	1936.3.23	amerikai
59	Georges Grignard	F	1905.7.25	francia
60	Nello Pagani	F	1911.10.11	olasz
61	John James	F	1914.5.10	brit
62	Tomas Enge	F	1976.9.11	cseh
63	Tim Parnell	F	1932.6.25	brit
64	Giorgio Bassi	F	1934.1.20	olasz
65	Duke Dinsmore	F	1914.4.10	amerikai
66	Oscar Larrauri	F	1954.8.19	francia
67	David Purley	F	1945.1.26	brit
68	Jochen Rindt	F	1942.4.18	osztrák
69	Gijs van Lennep	F	1942.3.16	holland
70	Geoff Lees	F	1951.5.1	brit
71	Oscar Galvez	F	1913.8.17	argentín
72	Neel Jani	F	1983.12.8	svájci
73	Fernando Alonso	F	1981.7.29	spanyol
74	Michael Schumacher	F	1969.1.3	német
75	Bernard Collomb	F	1930.10.7	francia
76	Giorgio Francia	F	1947.9.8	olasz
77	Helmut Marko	F	1943.4.27	osztrák
78	Jackie Lewis	F	1936.11.1	brit
79	Bernard de Dryver	F	1953.9.19	belga
80	Olivier Grouillard	F	1958.9.2	francia
81	Jerry Hoyt	F	1929.1.29	amerikai
82	Bruno Giacomelli	F	1952.9.10	olasz
83	Stirling Moss	F	1929.9.17	brit
84	Esteban Tuero	F	1978.4.22	argentín
85	Andre Testut	F	1926.4.13	monacoi
86	Paul Emery	F	1916.11.12	brit
87	Ricardo Zonta	F	1976.3.23	brazil
88	Mike MacDowel	F	1932.9.13	brit
89	George Eaton	F	1945.11.12	kanadai
90	Moises Solana	F	1935.12.26	mexikói
91	Enrico Bertaggia	F	1964.9.19	olasz
92	Corrado Fabi	F	1961.4.12	olasz
93	Robert Kubica	F	1984.12.7	lengyel
94	Alberto Uria	F	1924.7.11	uruguayi
95	Scott Speed	F	1983.1.24	amerikai
96	Jimmy Reece	F	1929.11.17	amerikai
97	Alessandro Zanardi	F	1966.10.23	olasz
98	Divina Galica	N	1946.8.13	brit
99	Jean-Manuel Bordeu	F	1934.1.1	argentín
100	Patrick Tambay	F	1949.6.25	francia
101	Gunnar Nilsson	F	1948.11.20	svéd
102	Rodger Ward	F	1921.1.10	amerikai
103	Heinz Schiller	F	1930.1.25	svájci
104	Erik Comas	F	1963.9.28	francia
105	Jimmy Daywalt	F	1924.8.28	amerikai
106	Bernie Ecclestone	F	1930.10.28	brit
107	David Prophet	F	1937.10.9	brit
108	Nigel Mansell	F	1953.8.8	brit
109	Giovanni Lavaggi	F	1958.2.18	olasz
110	Alexandre Premat	F	1982.4.5	francia
111	Maurice Trintignant	F	1917.10.30	francia
112	Walt Hansgen	F	1919.10.28	amerikai
113	Alessandro Pesenti-Rossi	F	1942.8.31	olasz
114	Adolfo Schwelm-Cruz	F	1923.6.28	argentín
115	Chuck Daigh	F	1923.11.29	amerikai
116	Alain de Changy	F	1922.2.5	belga
117	Chris Bristow	F	1937.12.2	brit
118	Johnny Claes	F	1916.8.11	belga
119	Jean-Pierre Jarier	F	1946.7.10	francia
120	Jos Verstappen	F	1972.3.4	holland
121	Ivo Bueb	F	1923.6.6	brit
122	Johnny Servoz-Gavin	F	1942.1.18	francia
123	Kevin Cogan	F	1956.3.31	amerikai
124	Jo Vonlanthen	F	1942.5.31	svájci
125	Marc Surer	F	1951.9.18	svájci
126	Frank Armi	F	1918.10.12	amerikai
127	Carel-Godin de Beaufort	F	1934.4.10	holland
128	Neville Lederle	F	1938.9.25	dél-afrikai
129	Les Leston	F	1920.12.16	brit
130	Alan Stacey	F	1933.8.29	brit
131	Mike Nazaruk	F	1921.10.2	amerikai
132	Michel Leclere	F	1947.3.18	francia
133	Gaetano Starrabba	F	1932.12.3	olasz
134	Robert O'Brien	F		amerikai
135	Stefano Modena	F	1963.5.12	olasz
136	Tom Belso	F	1942.8.27	dán
137	Roger Williamson	F	1948.2.2	brit
138	Francois Migault	F	1944.12.4	francia
139	Jack McGrath	F	1919.10.8	amerikai
140	Francesco Godia	F	1921.3.21	spanyol
141	Brausch Niemann	F	1939.1.7	dél-afrikai
142	Gunther Seiffert	F	1937.10.18	német
143	Andre Guelfi	F	1919.5.6	francia
144	Duke Nalon	F	1913.3.12	amerikai
145	Patrick Neve	F	1949.10.13	belga
146	Paul England	F	1929.3.28	ausztrál
147	John Cannon	F	1937.6.21	kanadai
148	Bud Tingelstad	F	1928.4.4	amerikai
149	Chris Craft	F	1939.11.17	brit
150	Wolfgang von Trips	F	1928.5.4	német
151	Leslie Thorne	F	1916.6.23	brit
152	Toshio Suzuki	F	1955.3.10	japán
153	Theo Helfrich	F	1913.5.13	német
154	Carlo Facetti	F	1935.6.26	olasz
155	Enrico Toccacelo	F	1978.12.12	olasz
156	Joachim Winkelhock	F	1960.10.24	német
157	Maria-Teresa de Filippis	N	1926.11.11	olasz
158	Kenny Acheson	F	1957.11.27	brit
159	Gianfranco Brancatelli	F	1950.1.18	olasz
160	Michael Bleekemolen	F	1949.10.2	holland
161	Mauro Baldi	F	1954.1.31	olasz
162	Ken McAlpine	F	1920.9.21	brit
163	Johnnie Parsons	F	1918.7.4	amerikai
164	Al Keller	F	1920.4.11	amerikai
165	Roger Loyer	F	1907.8.5	francia
166	Bruce Johnstone	F	1937.1.30	dél-afrikai
167	Cliff Griffith	F	1916.2.6	amerikai
168	Ayrton Senna	F	1960.3.21	brazil
169	Cuth Harrison	F	1906.7.6	brit
170	Gerard Larrousse	F	1940.5.23	francia
171	Frank Dochnal	F	1920.10.8	amerikai
172	Bernd Schneider	F	1964.7.20	német
173	Paul Pietsch	F	1911.6.20	német
174	Nasif Estefano	F	1932.11.18	amerikai
175	Bob Bondurant	F	1933.4.27	amerikai
176	Piero Dusio	F	1899.10.13	olasz
177	Gary Brabham	F	1961.3.29	ausztrál
178	Jack Brabham	F	1926.4.2	ausztrál
179	Jean Alesi	F	1964.6.11	francia
180	Massimo Natili	F	1935.7.28	olasz
181	Alan Rollinson	F	1943.5.15	brit
182	George Amick	F	1924.10.24	amerikai
183	Billy Garrett	F	1933.4.24	amerikai
184	Denny Hulme	F	1936.6.18	új-zélandi
185	Jo Bonnier	F	1930.1.31	svéd
186	Bob Christie	F	1924.4.4	amerikai
187	Emilio Zapico	F	1944.5.21	spanyol
188	Pat O'Connor	F	1928.10.9	amerikai
189	Pierre-Henri Raphanel	F	1961.5.27	francia
190	John Cordts	F	1935.7.23	kanadai
191	Andy Linden	F	1922.4.5	amerikai
192	Red Amick	F	1929.1.19	amerikai
193	Reg Parnell	F	1911.7.2	brit
194	David Coulthard	F	1971.3.27	skót
195	Rodney Nuckey	F	1929.6.26	brit
196	Paul Goldsmith	F	1927.10.2	amerikai
197	Leslie Marr	F	1922.8.14	brit
198	Didier Pironi	F	1952.3.26	francia
199	Shinji Nakano	F	1971.4.1	japán
200	Robin [Robert] Montgomerie-Charrington	F	1915.6.22	brit
201	Rolf Stommelen	F	1943.7.11	német
202	James Hunt	F	1947.8.29	brit
203	Roberto Lippi	F	1926.10.17	olasz
204	Eddie Sachs	F	1927.5.28	amerikai
205	Ronnie Bucknum	F	1936.4.5	amerikai
206	Ian Ashley	F	1947.10.26	brit
207	Peter Ashdown	F	1934.10.16	brit
208	Ludovico Scarfiotti	F	1933.10.18	olasz
209	Brett Lunger	F	1945.11.14	amerikai
210	Tony Maggs	F	1937.2.9	dél-afrikai
211	Kazuyoshi Hoshino	F	1947.7.1	japán
212	Roberto Guerrero	F	1958.11.16	kolumbiai
213	Jean-Denis Deletraz	F	1963.10.1	svájci
214	Guy Edwards	F	1942.12.30	brit
215	Ivan Capelli	F	1963.5.24	olasz
216	Bjorn Wirdheim	F	1980.4.4	svéd
217	Eric Bernard	F	1964.8.24	francia
218	Skip Barber	F	1936.11.16	amerikai
219	Nicolas Kiesa	F	1978.3.3	dán
220	Marshall Teague	F	1921.5.22	amerikai
221	Claudio Langes	F	1960.7.20	olasz
222	Bruce McLaren	F	1937.8.30	új-zélandi
223	Art Bisch	F	1926.11.10	amerikai
224	Ronnie Peterson	F	1944.2.14	svéd
225	Carlos Reutemann	F	1942.4.12	argentín
226	Olivier Gendebien	F	1924.1.12	belga
227	Travis Webb	F	1910.10.8	amerikai
228	Elie Bayol	F	1914.2.28	francia
229	Willi Heeks	F	1922.2.13	német
230	Luigi Taramazzo	F	1932.1.1	olasz
231	Cal Niday	F	1916.4.29	amerikai
232	Francois Cevert	F	1944.2.25	francia
233	Nico Rosberg	F	1985.6.27	német
234	Onofre Marimon	F	1923.12.19	argentín
235	Justin Wilson	F	1978.7.31	brit
236	Roberto Moreno	F	1959.2.11	brazil
237	Carl Forberg	F	1911.3.4	amerikai
238	Harry Schell	F	1921.6.29	amerikai
239	Clive Puzey	F	1941.7.11	rodéziai
240	Max de Terra	F	1918.10.6	svájci
241	Jo Schlesser	F	1928.5.18	francia
242	Gregor Foitek	F	1965.3.27	svájci
243	Yuji Ide	F	1975.1.21	japán
244	Wilson Fittipaldi	F	1943.12.25	brazil
245	Hermann Lang	F	1909.4.6	német
246	Christiano Da Matta	F	1973.9.19	brazil
247	Chris Irwin	F	1942.6.27	brit
248	Luigi Villoresi	F	1909.5.16	olasz
249	Johnny Herbert	F	1964.6.25	brit
250	Jorge Daponte	F	1923.6.5	argentín
251	Zsolt Baumgartner	F	1981.1.1	magyar
252	Paolo Barilla	F	1961.4.20	olasz
253	Chris Amon	F	1943.7.20	új-zélandi
254	Rupert Keegan	F	1955.2.28	brit
255	Alberto Colombo	F	1946.2.23	olasz
256	Jean Max	F	1943.7.27	francia
257	Jud Larson	F	1923.1.21	amerikai
258	Tony Crook	F	1920.2.16	brit
259	Eddie Johnson	F	1919.2.10	amerikai
260	Josef Peters	F	1914.9.16	német
261	Tony Trimmer	F	1943.1.24	brit
262	Richie Ginther	F	1930.8.5	amerikai
263	Luiz Bueno	F	1937.1.16	brazil
264	Giancarlo Baghetti	F	1934.12.25	olasz
265	Elio de Angelis	F	1958.3.26	olasz
266	Brian Redman	F	1937.3.9	brit
267	Ted Whiteaway	F	1928.11.1	brit
268	Eddie Keizan	F	1944.9.12	dél-afrikai
269	Georges Berger	F	1918.9.14	belga
270	Franck Montagny	F	1978.1.5	francia
271	Hideki Noda	F	1968.3.7	japán
272	Harry Blanchard	F	1931.6.30	amerikai
273	Jim Hall	F	1935.7.23	amerikai
274	Mike Spence	F	1936.12.30	brit
275	Cliff Allison	F	1932.2.8	brit
276	Jim McWithey	F	1927.7.4	amerikai
277	Massimiliano Papis	F	1969.10.3	olasz
278	Lucien Bianchi	F	1934.11.10	belga
279	Tony Shelly	F	1937.2.2	új-zélandi
280	Ernesto Viso	F	1985.3.19	venezuelai
281	Francois Hesnault	F	1956.12.30	francia
282	Harald Ertl	F	1948.8.31	osztrák
283	Jacques Pollet	F	1932.7.2	francia
284	Jacques Swaters	F	1926.10.30	belga
285	Tarso Marques	F	1976.1.19	brazil
286	Ian Raby	F	1921.9.22	brit
287	Umberto Maglioli	F	1928.6.5	olasz
288	John Campbell-Jones	F	1930.1.21	brit
289	Walt Brown	F	1911.12.30	amerikai
290	Kimi Raikkonen	F	1979.10.17	finn
291	Adrian Campos	F	1960.6.17	spanyol
292	Ralph Firman	F	1975.5.20	brit
293	Tiago Monteiro	F	1976.7.24	portugál
294	Pierre Levegh	F	1905.12.22	francia
295	Wolfgang Seidel	F	1926.7.4	német
296	Ed Elisian	F	1926.12.9	amerikai
297	Mario Andretti	F	1940.2.28	amerikai
298	Gino Bianco	F	1916.7.22	brazil
299	Nanni Galli	F	1940.10.2	olasz
300	Roberto Mieres	F	1924.12.3	argentín
301	Duncan Hamilton	F	1920.4.30	ír
302	David Hobbs	F	1939.6.9	brit
303	Stefan Johansson	F	1956.9.8	svéd
304	Mark Blundell	F	1966.4.8	brit
305	Mika Salo	F	1966.11.30	finn
306	Martin Brundle	F	1959.6.1	brit
307	Allen Berg	F	1961.8.1	kanadai
308	Dennis Poore	F	1916.8.19	brit
309	Colin Davis	F	1932.7.29	brit
310	Masahiro Hasemi	F	1945.11.13	japán
311	Chris Lawrence	F	1933.7.27	brit
312	Peter Broeker	F	1929.5.15	kanadai
313	Aguri Suzuki	F	1960.9.8	japán
314	Robert Doornbos	F	1981.9.23	holland
315	Geoff Crossley	F	1921.5.11	brit
316	Luigi Musso	F	1924.7.28	olasz
317	Richard Robarts	F	1944.9.22	brit
318	Vincenzo Sospiri	F	1966.10.9	olasz
319	Jan Lammers	F	1956.6.2	holland
320	Leo Kinnunen	F	1943.8.5	finn
321	Yannick Dalmas	F	1961.7.28	francia
322	Philip Fotheringham-Parker	F	1907.9.22	brit
323	Johnny Boyd	F	1926.8.19	amerikai
324	Helmut Niedermayr	F	1915.11.29	német
325	Cesare Perdisa	F	1932.10.21	olasz
326	Gaston Mazzacane	F	1975.5.8	argentín
327	Frank Gardner	F	1930.10.1	ausztrál
328	Luki Botha	F	1930.1.16	dél-afrikai
329	Satoru Nakajima	F	1953.2.23	japán
330	Bob Anderson	F	1931.5.19	brit
331	Helmut Glockler	F	1909.1.13	német
332	Emerson Fittipaldi	F	1946.12.12	brazil
333	Archie Scott-Brown	F	1927.5.13	brit
334	John Surtees	F	1934.2.11	brit
335	Peter Hirt	F	1910.3.30	svájci
336	Troy Ruttman	F	1930.3.11	amerikai
337	Antoine Branca	F	1916.9.15	svájci
338	Patrick Depailler	F	1944.8.9	francia
339	Vic Wilson	F	1931.4.14	dél-afrikai
340	Dennis Taylor	F	1921.6.12	brit
341	Stephen South	F	1952.2.19	brit
342	Vitantonio Liuzzi	F	1981.8.6	olasz
343	Sam Tingle	F	1921.8.24	zimbabwei
344	Graham Whitehead	F	1922.4.15	brit
345	Alfonso Thiele	F	1922.4.5	amerikai
346	Jean Lucienbonnet	F	1962.8.19	francia
347	Danny Kladis	F	1917.2.10	amerikai
348	Loris Kessel	F	1950.4.1	svájci
349	Alan Rees	F	1938.1.12	brit
350	Philippe Streiff	F	1955.6.26	francia
351	Gianni Morbidelli	F	1968.1.13	olasz
352	Narain Karthikeyan	F	1977.1.14	indiai
353	Bill Cantrell	F	1908.1.31	amerikai
354	Hans Stuck	F	1900.12.27	német
355	Horace Gould	F	1921.9.20	brit
356	Brian McGuire	F	1945.12.13	ausztrál
357	Keke Rosberg	F	1948.12.6	finn
358	Marcel Balsa	F	1901.1.9	francia
359	Patrick Friesacher	F	1980.9.26	osztrák
360	Al Herman	F	1927.3.15	amerikai
361	Kurt Ahrens	F	1940.4.19	német
362	Dave Walker	F	1941.6.10	ausztrál
363	Dick Gibson	F	1918.4.16	brit
364	Peter Whitehead	F	1914.11.12	brit
365	Ricardo Rodriguez	F	1942.2.14	mexikói
366	Ricardo Zunino	F	1949.4.13	argentín
367	Juan-Pablo Montoya	F	1975.9.20	kolumbiai
368	Bob Said	F	1932.5.5	amerikai
369	Masten Gregory	F	1932.2.29	amerikai
370	Clemar Bucci	F	1920.9.4	argentín
371	Ken Downing	F	1917.12.5	brit
372	Alex Caffi	F	1964.3.18	olasz
373	Heini Walter	F	1927.7.28	német
374	Bob Gerard	F	1914.1.19	brit
375	Bertrand Gachot	F	1962.12.22	belga
376	Roger Laurent	F	1913.2.21	brit
377	Helmuth Koinigg	F	1948.11.3	osztrák
378	Renato Pirocchi	F	1933.3.26	olasz
379	Sergio Mantovani	F	1929.5.22	olasz
380	Jac Nelleman	F	1944.4.19	dán
381	Brian Naylor	F	1923.3.24	brit
382	Rudolf Fischer	F	1912.4.19	svájci
383	Pascal Fabre	F	1960.1.9	francia
384	John Watson	F	1946.5.4	brit
385	Olivier Panis	F	1966.9.2	francia
386	Adrian Sutil	F	1983.1.11	német
387	Elmer George	F	1928.7.15	amerikai
388	Olivier Beretta	F	1969.11.23	monacoi
389	Don Edmunds	F	1930.9.23	amerikai
390	Jody Scheckter	F	1950.1.29	dél-afrikai
391	Mike Fisher	F	1943.3.13	amerikai
392	Rikky von Opel	F	1947.10.14	német
393	Jay Chamberlain	F	1925.12.29	amerikai
394	Stuart Lewis-Evans	F	1930.4.20	brit
395	Clay Regazzoni	F	1939.9.5	svájci
396	Francois Picard	F	1921.4.26	francia
397	Noritake Takahara	F	1951.6.6	japán
398	Dorino Serafini	F	1909.7.22	olasz
399	Danny Sullivan	F	1950.3.9	amerikai
400	Ernie Pieterse	F	1938.7.4	dél-afrikai
401	Gianmaria Bruni	F	1981.5.30	olasz
402	Alfredo Pian	F	1912.10.21	argentín
403	Pedro-Matos Chaves	F	1965.2.27	portugál
404	Lloyd Ruby	F	1928.1.12	amerikai
405	Clemente Biondetti	F	1898.10.18	olasz
406	John Rhodes	F	1927.8.18	brit
407	Guy Ligier	F	1930.7.12	francia
408	Alberto Crespo	F	1930.1.16	argentín
409	Jyrki J?ilehto Lehto	F	1966.1.31	finn
410	Stefan Bellof	F	1957.11.20	német
411	Duane Carter	F	1913.5.5	amerikai
412	Bob Scott	F	1928.10.4	amerikai
413	Walt Faulkner	F	1920.2.16	amerikai
414	George Follmer	F	1934.1.27	amerikai
415	Kunimitsu Takahashi	F	1940.1.29	japán
416	Hector Rebaque	F	1956.2.5	mexikói
417	Herbert MacKay-Fraser	F	1927.6.23	amerikai
418	Trevor Blokdyk	F	1935.11.30	dél-afrikai
419	Giuseppe Farina	F	1906.10.30	olasz
420	Naoki Hattori	F	1966.6.13	japán
421	Sam Hanks	F	1914.7.13	amerikai
422	Alan Jones	F	1946.11.2	ausztrál
423	David Hampshire	F	1917.12.29	brit
424	Warwick Brown	F	1949.12.24	ausztrál
425	Danny Ongais	F	1942.5.21	amerikai
426	Jacques Laffite	F	1943.11.21	francia
427	Gerhard Berger	F	1959.8.27	osztrák
428	Peter Westbury	F	1938.5.26	brit
429	Lamberto Leoni	F	1953.5.24	olasz
430	Mack Hellings	F	1917.9.14	amerikai
431	Giulio Cabianca	F	1923.2.19	olasz
432	Carlos Menditeguy	F	1915.8.10	argentín
433	Tony Settember	F	1930.1.1	amerikai
434	Ingo Hoffman	F	1953.2.18	brazil
435	Gilles Villeneuve	F	1950.1.18	kanadai
436	Marco Apicella	F	1965.10.7	olasz
437	Peter Ryan	F	1940.6.10	kanadai
438	Philippe Etancelin	F	1896.12.28	francia
439	Andy Sutcliffe	F	1947.5.9	brit
440	David Brabham	F	1965.9.5	ausztrál
441	Joe Fry	F	1915.10.26	brit
442	Derek Bell	F	1941.10.31	brit
443	Jesus Iglesias	F	1922.2.22	argentín
444	Jackie Stewart	F	1939.6.11	skót
445	Pat Flaherty	F	1926.1.6	amerikai
446	Adolf Brudes	F	1899.10.15	német
447	Riccardo Paletti	F	1958.6.15	olasz
448	Mike Hawthorn	F	1929.4.10	brit
449	Jos Carlos Pace	F	1944.10.6	brazil
450	Joe Kelly	F	1913.3.13	brit
451	Emilio de Villota	F	1946.7.26	spanyol
452	Carroll Shelby	F	1923.1.11	amerikai
453	Jean-Louis Schlesser	F	1952.9.12	francia
454	Jim Rigsby	F	1923.6.6	amerikai
455	Mario-Araujo de Cabral	F	1934.1.15	portugál
456	Henry Banks	F	1913.6.14	amerikai
457	Arthur Legat	F	1898.11.1	belga
458	Larry Crockett	F	1926.10.23	amerikai
459	Christian Fittipaldi	F	1971.1.18	brazil
460	Don Beauman	F	1928.7.26	brit
461	Marc Gene	F	1974.3.29	spanyol
462	Astrubel Bayardo	F	1922.1.1	uruguayi
463	Charles Pozzi	F	1909.8.27	francia
464	Pedro Paulo Diniz	F	1970.5.22	brazil
465	Tony Gaze	F	1920.2.3	ausztrál
466	Rudolf Schoeller	F	1902.4.27	svájci
467	Jimmy Stewart	F	1931.3.6	brit
468	Piercarlo Ghinzani	F	1952.1.16	olasz
469	Bobby Unser	F	1934.2.20	amerikai
470	Henri Louveau	F	1910.1.25	francia
471	Jimmy Jackson	F	1910.7.25	amerikai
472	Guy Mairesse	F	1910.8.10	francia
473	Michael Bartels	F	1968.3.8	német
474	Pablo Birger	F	1924.1.6	argentín
475	Franco Rol	F	1908.6.5	olasz
476	Piers Courage	F	1942.5.27	brit
477	Michel May	F	1934.8.18	svájci
478	Masami Kuwashima	F	1950.9.14	japán
479	Eddie Cheever	F	1958.1.10	amerikai
480	Riccardo Patrese	F	1954.4.17	olasz
481	Jo Gartner	F	1954.1.24	osztrák
482	Bill Homeier	F	1918.8.31	amerikai
483	Charles de Tornaco	F	1927.6.7	belga
484	Roland Ratzenberger	F	1962.7.4	osztrák
485	Chanoch Nissany	F	1963.7.29	izraeli
486	Hans Binder	F	1948.6.12	osztrák
487	Jean-Claude Rudaz	F	1942.7.23	svájci
488	Norberto Fontana	F	1975.1.20	argentín
489	Ian Stewart	F	1929.7.15	brit
490	Sebastian Vettel	F	1987.7.3	német
491	John Love	F	1924.12.7	dél-afrikai
492	Paul Belmondo	F	1963.4.23	francia
493	Johnny Dumfries	F	1958.4.26	brit
494	Lorenzo Bandini	F	1935.12.21	olasz
495	Dick Rathmann	F	1926.1.6	amerikai
496	Ricardo Londono-Bridge	F	1949.8.8	kolumbiai
497	Philippe Alliot	F	1954.7.27	francia
498	Emanuele Naspetti	F	1968.2.24	olasz
499	Roy Salvadori	F	1922.5.12	brit
500	Martin Donnelly	F	1964.3.26	brit
501	Chuck Arnold	F	1926.5.30	amerikai
502	Ukyo Katayama	F	1963.5.29	japán
503	Ken Wharton	F	1916.3.21	brit
504	Jonathan Palmer	F	1956.11.7	brit
505	Rudolf Krause	F	1907.3.30	német
506	Karl-Guenther [Gunther] Bechem	F	1921.12.21	német
507	Ryan Briscoe	F	1981.9.24	ausztrál
508	Don Freeland	F	1925.3.25	amerikai
509	Jacques -Uncle- Villeneuve	F	1953.11.4	kanadai
510	Peter Arundell	F	1933.11.8	brit
511	George Fonder	F	1917.6.22	amerikai
512	Ricardo Rosset	F	1968.7.27	brazil
513	Beppe Gabbiani	F	1957.1.2	olasz
514	Mike Beuttler	F	1940.4.13	brit
515	Gerry Ashmore	F	1936.7.25	brit
516	Hap Sharp	F	1928.1.1	amerikai
517	Andrea de Cesaris	F	1959.5.31	olasz
518	Phill Hill	F	1927.4.20	amerikai
519	Tommy Byrne	F	1958.5.6	ír
520	Michele Alboreto	F	1956.12.23	olasz
521	Enrique Bernoldi	F	1978.10.19	brazil
522	Lella Lombardi	N	1943.3.26	olasz
523	Tony Rolt	F	1918.10.16	brit
524	Giovanni de Riu	F	1924.3.10	olasz
525	Gus Hutchison	F	1937.4.26	amerikai
526	Luigi Piotti	F	1913.10.27	olasz
527	Fritz d' Orey	F	1938.3.25	brazil
528	Jackie Pretorius	F	1934.11.22	dél-afrikai
529	Peter Gethin	F	1940.2.21	brit
530	Nick Heidfeld	F	1977.5.10	német
531	Dave Morgan	F	1944.8.7	brit
532	Paul Frere	F	1917.1.30	belga
533	Teddy Pilette	F	1942.7.26	belga
534	Albert Scherrer	F	1908.2.28	svájci
535	Roberto Bonomi	F	1919.9.30	argentín
536	Carl Scarborough	F	1914.7.3	amerikai
537	Eric Thompson	F	1919.11.4	brit
538	Trevor Taylor	F	1936.12.26	brit
539	Paddy Driver	F	1934.5.13	dél-afrikai
540	Anthony Davidson	F	1979.4.18	brit
541	Luis Perez-Sala	F	1959.5.15	spanyol
542	Torsten Palm	F	1947.7.23	svéd
543	Jean-Marc Gounon	F	1963.1.1	francia
544	Silvio Moser	F	1941.4.24	svájci
545	Andre Milhoux	F	1928.12.9	belga
546	Louis Chiron	F	1899.8.3	monacoi
547	Dan Gurney	F	1931.4.13	amerikai
548	Desmond Titterington	F	1928.5.1	brit
549	Arthur Owen	F	1915.3.23	brit
550	Emanuel de Graffenried	F	1914.5.18	svájci
551	Giorgio Mondini	F	1980.7.19	svájci
552	Conny Andersson	F	1939.12.28	svéd
553	Gino Munaron	F	1928.4.2	olasz
554	Emanuele Pirro	F	1962.1.12	olasz
555	Johnny McDowell	F	1915.1.29	amerikai
556	Gabriele Tarquini	F	1962.3.2	olasz
557	Ottorino Volonterio	F	1917.12.7	svájci
558	Derek Daly	F	1953.3.11	ír
559	Otto Stuppacher	F	1947.3.3	osztrák
560	Kurt Adolff	F	1921.11.5	német
561	Miguel-Angel Guerra	F	1953.8.31	argentín
562	Kurt Kuhnke	F	1910.4.30	német
563	Nicola Larini	F	1964.3.19	olasz
564	Mike Taylor	F	1934.4.24	brit
565	Pete Lovely	F	1926.4.11	amerikai
566	Jacques Villeneuve	F	1971.4.9	kanadai
567	Luciano Burti	F	1975.5.3	brazil
568	Tim Mayer	F	1938.2.22	amerikai
569	Manfred Winkelhock	F	1952.10.6	német
570	Andrea de Adamich	F	1941.10.3	olasz
571	Doug Serrurier	F	1920.12.9	dél-afrikai
572	Nelson Piquet	F	1952.8.17	brazil
573	Vic Elford	F	1935.6.10	brit
574	Johnny Thomson	F	1919.11.4	brit
575	Mike Parkes	F	1931.9.24	brit
576	Erwin Bauer	F	1912.7.17	német
577	Ernie McCoy	F	1921.2.19	amerikai
578	Ken Kavanagh	F	1923.12.12	ausztrál
579	Willi Krakau	F	1911.12.4	német
580	Keith Andrews	F	1920.6.15	amerikai
581	Roberto Bussinello	F	1927.10.4	olasz
582	Antonio Creus	F	1924.10.28	spanyol
583	Yves Giraud-Cabantous	F	1903.10.8	francia
584	Eugenio Castellotti	F	1930.10.10	olasz
585	Niki Lauda	F	1949.2.22	osztrák
586	Tim Schenken	F	1943.9.26	ausztrál
587	Andre Pilette	F	1918.10.6	belga
588	Antonio Pizzonia	F	1980.9.11	brazil
589	Vittorio Brambilla	F	1937.11.11	olasz
590	Christian Danner	F	1958.4.4	német
591	Christian Goethals	F	1928.8.4	belga
592	Jarno Trulli	F	1974.7.13	olasz
593	Giorgio Pantano	F	1979.2.4	olasz
594	Jim Hurtubise	F	1933.12.5	amerikai
595	Robert Manzon	F	1917.4.12	francia
596	Johnny Cecotto	F	1956.1.25	venezuelai
597	Ian Burgess	F	1930.7.6	brit
598	Myron Fohr	F	1912.6.12	amerikai
599	Peter Collins	F	1931.11.8	brit
600	Mike Wilds	F	1946.1.7	brit
601	Ken Richardson	F	1911.8.21	brit
602	Jackie Holmes	F	1920.9.4	amerikai
603	Piero Drogo	F	1926.8.8	venezuelai
604	Rob Schroeder	F	1926.5.11	amerikai
605	Pedro Lamy	F	1972.3.20	portugál
606	Jean Behra	F	1921.2.16	francia
607	Henry Taylor	F	1932.12.16	brit
608	Alessandro Nannini	F	1959.7.7	olasz
609	Bill Brack	F	1935.12.26	kanadai
610	Wayne Weiler	F	1934.12.9	amerikai
611	Don Branson	F	1920.6.6	amerikai
612	Mike Hailwood	F	1940.4.2	brit
613	Bernd Nacke	F	1921.12.21	német
614	Allan McNish	F	1969.12.29	skót
615	Stephane Sarrazin	F	1974.11.2	francia
616	Chico Serra	F	1957.2.3	brazil
617	Piero Carini	F	1921.3.6	olasz
618	Timo Glock	F	1982.3.10	német
619	Keith Greene	F	1938.1.5	brit
620	Pierluigi Martini	F	1961.4.23	olasz
621	Ignazio Giunti	F	1941.8.30	olasz
622	Bill Cheesbourg	F	1927.6.12	amerikai
623	Manny [Manuel] Ayulo	F	1921.10.20	amerikai
624	Dries van der Lof	F	1919.8.23	holland
625	Raymond Sommer	F	1906.8.31	francia
626	Roger Penske	F	1937.2.20	amerikai
627	Aldo Gordini	F	1921.5.20	francia
628	Patrick Gaillard	F	1952.2.12	francia
629	Brian Henton	F	1946.9.19	brit
630	Franco Forini	F	1958.9.22	svájci
631	Eric van de Poele	F	1961.9.30	belga
632	Paul Hawkins	F	1937.10.12	ausztrál
633	Mike Thackwell	F	1961.3.30	új-zélandi
634	Rene Arnoux	F	1948.7.4	francia
635	Eddie Irvine	F	1965.11.10	brit
636	Raul Boesel	F	1957.12.4	brazil
637	Bayliss Levrett	F	1913.2.14	amerikai
638	Michael Andretti	F	1962.10.5	amerikai
639	Jimmy Bryan	F	1927.1.28	amerikai
640	Lee Wallard	F	1911.9.8	amerikai
641	Bill Mackey	F	1927.12.10	amerikai
642	Julian Bailey	F	1961.10.9	brit
643	Renzo Zorzi	F	1946.12.12	olasz
644	Harry Merkel	F	1918.1.10	német
645	Bob Veith	F	1926.11.1	amerikai
646	Toranosuke Takagi	F	1974.2.12	japán
647	John Nicholson	F	1941.10.6	új-zélandi
648	Jerry Unser	F	1932.11.15	amerikai
649	Shorty Templeman	F	1919.8.12	amerikai
650	Jim Crawford	F	1948.2.13	brit
651	Michael Ammermuller	F	1986.2.14	német
652	Giancarlo Fisichella	F	1973.1.14	olasz
653	A Juan Jover	F	1903.11.23	spanyol
654	Alfonso de Portago	F	1928.10.11	spanyol
655	Piero Taruffi	F	1906.10.12	olasz
656	Roelof Wunderink	F	1948.12.12	holland
657	Thierry Boutsen	F	1957.7.13	belga
658	Mike Magill	F	1920.2.18	amerikai
659	Pedro de la Rosa	F	1971.2.24	spanyol
660	Bob Evans	F	1947.6.11	brit
661	Robin Widdows	F	1942.5.27	brit
662	Eppie Wietzes	F	1938.5.28	kanadai
663	Graham McRae	F	1940.3.5	új-zélandi
664	Colin Chapman	F	1928.5.19	brit
665	Bas Leinders	F	1975.7.16	belga
666	Jackie Oliver	F	1942.8.14	brit
667	Richard Attwood	F	1940.4.4	brit
668	Jan Flinterman	F	1919.10.2	holland
669	Johnnie Tolan	F	1918.10.22	amerikai
670	Edgar Barth	F	1917.11.26	német
671	Jean-Pierre Beltoise	F	1937.4.26	francia
672	Mika Hakkinen	F	1968.9.28	finn
673	George Abecassis	F	1913.3.21	brit
674	Tom Jones	F	1943.4.26	amerikai
675	Eitel Cantoni	F	1906.10.4	uruguayi
676	Ernst Klodwig	F	1903.5.23	német
677	Paul Russo	F	1914.4.10	amerikai
678	Carlo Franchi	F	1938.1.1	olasz
679	Howden Ganley	F	1941.12.24	új-zélandi
680	Alex Yoong	F	1976.7.20	maláj
681	Bobby Ball	F	1925.8.26	amerikai
682	Ettore Chimeri	F	1921.6.4	venezuelai
683	Chuck Stevenson	F	1919.10.15	amerikai
684	Damien Magee	F	1945.11.17	brit
685	Jochen Mass	F	1946.9.30	német
686	Len Sutton	F	1925.8.9	amerikai
687	Jean-Christophe-Pierre Boullion	F	1969.12.27	francia
688	David Murray	F	1909.12.28	brit
689	Alex Ribeiro	F	1948.11.7	brazil
690	Jacky Ickx	F	1945.1.1	belga
691	Joie Chitwood	F	1912.4.14	amerikai
692	Bill Whitehouse	F	1909.4.1	brit
693	Bob Sweikert	F	1926.5.20	amerikai
694	Mike Sparken	F	1930.6.16	francia
695	Bruce Halford	F	1931.5.18	brit
696	Eugene Martin	F	1915.3.24	francia
697	Guy Tunmer	F	1948.12.1	dél-afrikai
698	Fred Agabashian	F	1913.8.21	amerikai
699	Volker Weidler	F	1962.3.18	német
700	Ron Flockhart	F	1923.6.16	brit
701	Lance Macklin	F	1919.9.2	brit
702	Teo Fabi	F	1955.3.9	olasz
703	Francois Mazet	F	1943.2.26	francia
704	Len Duncan	F	1911.7.25	amerikai
705	Bill Schindler	F	1909.3.6	amerikai
706	Jimmy Davies	F	1923.8.18	amerikai
707	Art Cross	F	1918.1.24	amerikai
708	Bobby Rahal	F	1953.1.10	amerikai
709	George Connor	F	1908.8.16	amerikai
710	Sakon Yamamoto	F	1982.9.7	japán
711	A J Foyt	F	1935.1.16	amerikai
712	George Constantine	F	1918.2.22	amerikai
713	Chuck Weyant	F	1923.3.4	amerikai
714	Gianfranco Comotti	F	1906.7.24	olasz
715	Toni Ulmen	F	1906.1.25	német
716	Giovanna Amati	N	1962.7.20	olasz
717	Alain Prost	F	1955.2.24	francia
718	Chet Miller	F	1902.7.19	amerikai
719	Markus Winkelhock	F	1980.6.13	német
720	Eugene Chaboud	F	1907.4.12	francia
721	Jose-Froilan Gonzalez	F	1922.10.5	argentín
722	Ernst Loof	F	1907.7.4	német
723	Domenico Schiattarella	F	1967.11.17	olasz
724	Christian Albers	F	1979.4.16	holland
725	Cecil Green	F	1919.9.30	amerikai
726	Desire Wilson	N	1953.11.26	dél-afrikai
727	Mark Webber	F	1976.8.27	ausztrál
728	Giacomo Russo	F	1937.10.23	olasz
729	Felice Bonetto	F	1903.6.9	olasz
730	Robert La Caze	F	1917.2.26	marokkói
731	Graham Hill	F	1929.2.15	brit
732	Phill Cade	F	1916.6.12	amerikai
733	Basil van Rooyen	F	1938.4.19	dél-afrikai
734	Lance Reventlow	F	1936.2.24	amerikai
735	Alan Brown	F	1919.11.20	brit
736	Gerino Gerini	F	1928.8.10	olasz
737	Andrea Chiesa	F	1964.5.6	svájci
738	Eric Brandon	F	1920.7.18	brit
739	Brian Gubby	F	1934.4.17	brit
740	Reine Wisell	F	1941.9.30	svéd
741	Oswald Karch	F	1917.3.6	német
742	Brian Shawe-Taylor	F	1915.1.29	brit
743	Jim Clark	F	1936.3.4	skót
744	Gerhard Mitter	F	1935.8.30	német
745	Arturo Merzario	F	1943.3.11	olasz
746	Ralf Schumacher	F	1975.6.30	német
747	Boy Hayje	F	1949.5.3	holland
748	Ernesto Brambilla	F	1934.1.31	olasz
749	Dave [David] Kennedy	F	1953.1.15	brit
750	Walt Ader	F	1913.12.15	amerikai
751	Takuma Sato	F	1977.1.28	japán
752	Fritz Riess	F	1922.7.11	német
753	John Miles	F	1943.6.14	brit
754	Nino Vaccarella	F	1933.3.4	olasz
755	Felipe Massa	F	1981.4.25	brazil
756	Hans Herrmann	F	1928.2.23	német
757	Dieter Quester	F	1939.5.30	osztrák
758	Jack Turner	F	1920.2.12	amerikai
759	Louis Rosier	F	1905.11.5	francia
760	Bill Moss	F	1933.1.1	brit
761	Henri Pescarolo	F	1942.9.25	francia
762	Gene Force	F	1916.6.15	amerikai
763	Tony Brise	F	1952.3.28	brit
764	Alessandro de Tomaso	F	1928.7.10	argentín
765	Andre Simon	F	1920.1.5	francia
766	Mauri Rose	F	1906.5.26	amerikai
767	Prince Birabongse Bhanuban	F	1914.7.15	thaiföldi
768	Siegfried Stohr	F	1952.10.10	olasz
769	Ian Scheckter	F	1947.8.22	dél-afrikai
770	Jan Magnussen	F	1973.7.4	dán
771	Peter [Piet] de Klerk	F	1935.3.16	dél-afrikai
772	Tom Bridger	F	1934.6.24	brit
773	Tiff Needell	F	1951.10.29	brit
774	Hiroshi Fushida	F	1946.3.10	japán
775	John Taylor	F	1933.3.23	brit
776	Andrea Montermini	F	1964.5.30	olasz
777	Al Pease	F	1921.10.15	kanadai
778	David Piper	F	1930.12.2	brit
779	Karl Kling	F	1910.9.16	német
780	Fred Wacker	F	1918.7.10	amerikai
781	Consalvo Sanesi	F	1911.3.28	olasz
782	Mauricio Gugelmin	F	1963.4.20	brazil
783	Jenson Button	F	1980.1.19	brit
784	Jack Fairman	F	1913.3.15	brit
785	Vern Schuppan	F	1943.3.19	ausztrál
786	John Riseley-Prichard	F	1924.1.17	brit
787	Eliseo Salazar	F	1954.11.4	chilei
788	Jean-Pierre Jabouille	F	1942.10.1	francia
789	Tony Marsh	F	1931.7.20	brit
790	Jose Dolhem	F	1944.4.26	francia
791	Willy Mairesse	F	1928.10.1	belga
792	Ray Crawford	F	1915.10.26	amerikai
793	Luca Badoer	F	1971.1.25	olasz
794	Hernando da Silva-Ramos	F	1925.12.7	brazil
795	Ben Pon	F	1936.12.9	holland
796	Hans Klenk	F	1919.10.18	német
797	Christian Klien	F	1983.2.7	osztrák
798	Piero Scotti	F	1909.11.11	olasz
799	Hans-Joachim Stuck	F	1951.1.1	német
800	Jim Rathmann	F	1928.7.16	amerikai
801	Johnny Mantz	F	1918.9.18	amerikai
